"attribute","level","utility","cluster_standard_error","confidence_low","confidence_high"
"Brand","Ford",0.233180221170487,0.393770581095548,-0.597603084917377,1.06396352725835
"Brand","Tesla",-1.16647688738368,0.822800798939772,-2.90243483044051,0.569481055673144
"Brand","Toyota",0.933296666213198,0.537044363893236,-0.199767898716334,2.06636123114273
"Fuel economy","20 MPG",-0.740375652957822,0.396397623290928,-1.57670153359312,0.095950227677479
"Fuel economy","35 MPG",-0.12592874051883,0.480787226223033,-1.14030112002746,0.888443638989795
"Fuel economy","110 MPGe",0.866304393476653,0.823326957265495,-0.870763646612194,2.6033724335655
"Price","$30,000",0.565420860443593,0.214795628697098,0.112241696967955,1.01860002391923
"Price","$60,000",0.168602430738377,0.174356387622128,-0.199257391961533,0.536462253438286
"Price","$120,000",-0.73402329118197,0.219559126026588,-1.19725255552833,-0.270794026835607
