"attribute","level_1","level_2","preference_difference","cluster_standard_error","confidence_low","confidence_high","p_value"
"Brand","Ford","Tesla",1.39965710855417,1.17290076381381,-1.0749471941928,3.87426141130114,0.249128822112455
"Brand","Ford","Toyota",-0.700116445042712,0.458195028252931,-1.66682345333652,0.266590563251098,0.144907617070484
"Brand","Tesla","Toyota",-2.09977355359688,1.33258408234321,-4.91128020929731,0.711733102103546,0.133516959922095
"Fuel economy","20 MPG","35 MPG",-0.614446912438992,0.314177635645519,-1.27730378233075,0.0484099574527631,0.0671365771115821
"Fuel economy","20 MPG","110 MPGe",-1.60668004643448,1.19951671589948,-4.13743909951066,0.924079006641707,0.19806103396207
"Fuel economy","35 MPG","110 MPGe",-0.992233133995483,1.28876537630707,-3.71129040110035,1.72682413310938,0.451919990160773
"Price","$30,000","$60,000",0.396818429705216,0.323833929974114,-0.286411440385153,1.08004829979559,0.237140160694417
"Price","$30,000","$120,000",1.29944415162556,0.397852477626121,0.460048796650391,2.13883950660074,0.00455066061426178
"Price","$60,000","$120,000",0.902625721920347,0.333279998417265,0.199466389479339,1.60578505436136,0.0149139630515965
