"diagnostic","value","interpretation"
"observations",10,"Pre-event quarterly observations used for estimation"
"residual_degrees_of_freedom",5,"Small residual degrees of freedom limit inference"
"residual_standard_error",0.0128128157099288,"Typical in-sample residual size in ZEV-share proportions"
"shapiro_wilk_statistic",0.970475684872477,"Normality diagnostic; low power with only 10 observations"
"shapiro_wilk_p_value",0.895220339534962,"Values below 0.05 would flag non-normal residuals"
"durbin_watson_statistic",1.3610640169964,"Approximate residual autocorrelation diagnostic; no formal p-value"
"maximum_cooks_distance",0.987490322074817,"Largest single-observation influence measure"
"influential_observations_above_4_over_n",1,"Count exceeding the common 4/n screening threshold"
"leave_one_out_rmse",0.0174381657996342,"Out-of-sample-style error estimated by leave-one-out residuals"
