month,bev_titles,other_powertrain_titles,phev_titles,fcev_titles,total_new_ldv_titles,zev_titles,zev_share,source_url
2017-01-01,395,26484,231,0,27110,626,0.023091110291405384,https://data.wa.gov/Transportation/Vehicle-Title-Transactions-by-Department-of-Licens/cdk6-5kdf
2017-02-01,369,20070,180,0,20619,549,0.026625927542557836,https://data.wa.gov/Transportation/Vehicle-Title-Transactions-by-Department-of-Licens/cdk6-5kdf
2017-03-01,349,26948,200,0,27497,549,0.019965814452485724,https://data.wa.gov/Transportation/Vehicle-Title-Transactions-by-Department-of-Licens/cdk6-5kdf
2017-04-01,432,23719,172,0,24323,604,0.02483246310076882,https://data.wa.gov/Transportation/Vehicle-Title-Transactions-by-Department-of-Licens/cdk6-5kdf
2017-05-01,393,27032,185,0,27610,578,0.020934444042013764,https://data.wa.gov/Transportation/Vehicle-Title-Transactions-by-Department-of-Licens/cdk6-5kdf
2017-06-01,431,27920,238,0,28589,669,0.023400608625695197,https://data.wa.gov/Transportation/Vehicle-Title-Transactions-by-Department-of-Licens/cdk6-5kdf
2017-07-01,385,22197,163,0,22745,548,0.02409320729830732,https://data.wa.gov/Transportation/Vehicle-Title-Transactions-by-Department-of-Licens/cdk6-5kdf
2017-08-01,338,25370,193,0,25901,531,0.02050113895216401,https://data.wa.gov/Transportation/Vehicle-Title-Transactions-by-Department-of-Licens/cdk6-5kdf
2017-09-01,451,23872,176,0,24499,627,0.025592881342095596,https://data.wa.gov/Transportation/Vehicle-Title-Transactions-by-Department-of-Licens/cdk6-5kdf
2017-10-01,451,23424,204,0,24079,655,0.02720212633415009,https://data.wa.gov/Transportation/Vehicle-Title-Transactions-by-Department-of-Licens/cdk6-5kdf
2017-11-01,271,21814,201,0,22286,472,0.021179215651081395,https://data.wa.gov/Transportation/Vehicle-Title-Transactions-by-Department-of-Licens/cdk6-5kdf
2017-12-01,334,23047,224,0,23605,558,0.023639059521287864,https://data.wa.gov/Transportation/Vehicle-Title-Transactions-by-Department-of-Licens/cdk6-5kdf
2018-01-01,523,26669,341,0,27533,864,0.03138052518795627,https://data.wa.gov/Transportation/Vehicle-Title-Transactions-by-Department-of-Licens/cdk6-5kdf
2018-02-01,235,20127,243,0,20605,478,0.0231982528512497,https://data.wa.gov/Transportation/Vehicle-Title-Transactions-by-Department-of-Licens/cdk6-5kdf
2018-03-01,470,25500,274,0,26244,744,0.0283493369913123,https://data.wa.gov/Transportation/Vehicle-Title-Transactions-by-Department-of-Licens/cdk6-5kdf
2018-04-01,575,24051,277,0,24903,852,0.034212745452355135,https://data.wa.gov/Transportation/Vehicle-Title-Transactions-by-Department-of-Licens/cdk6-5kdf
2018-05-01,824,26929,347,0,28100,1171,0.041672597864768686,https://data.wa.gov/Transportation/Vehicle-Title-Transactions-by-Department-of-Licens/cdk6-5kdf
2018-06-01,773,27622,357,0,28752,1130,0.039301613800779074,https://data.wa.gov/Transportation/Vehicle-Title-Transactions-by-Department-of-Licens/cdk6-5kdf
2018-07-01,559,23398,265,0,24222,824,0.034018660721657996,https://data.wa.gov/Transportation/Vehicle-Title-Transactions-by-Department-of-Licens/cdk6-5kdf
2018-08-01,557,23060,288,0,23905,845,0.03534825350345116,https://data.wa.gov/Transportation/Vehicle-Title-Transactions-by-Department-of-Licens/cdk6-5kdf
2018-09-01,655,21457,262,0,22374,917,0.040985071958523286,https://data.wa.gov/Transportation/Vehicle-Title-Transactions-by-Department-of-Licens/cdk6-5kdf
2018-10-01,1377,22326,285,0,23988,1662,0.06928464232116058,https://data.wa.gov/Transportation/Vehicle-Title-Transactions-by-Department-of-Licens/cdk6-5kdf
2018-11-01,1300,19985,299,0,21584,1599,0.0740826538176427,https://data.wa.gov/Transportation/Vehicle-Title-Transactions-by-Department-of-Licens/cdk6-5kdf
2018-12-01,1143,21423,290,0,22856,1433,0.06269688484424221,https://data.wa.gov/Transportation/Vehicle-Title-Transactions-by-Department-of-Licens/cdk6-5kdf
2019-01-01,1371,26616,288,0,28275,1659,0.0586737400530504,https://data.wa.gov/Transportation/Vehicle-Title-Transactions-by-Department-of-Licens/cdk6-5kdf
2019-02-01,570,17750,105,0,18425,675,0.036635006784260515,https://data.wa.gov/Transportation/Vehicle-Title-Transactions-by-Department-of-Licens/cdk6-5kdf
2019-03-01,369,23980,131,0,24480,500,0.02042483660130719,https://data.wa.gov/Transportation/Vehicle-Title-Transactions-by-Department-of-Licens/cdk6-5kdf
2019-04-01,993,25275,165,0,26433,1158,0.04380887526954943,https://data.wa.gov/Transportation/Vehicle-Title-Transactions-by-Department-of-Licens/cdk6-5kdf
2019-05-01,679,26622,166,0,27467,845,0.030764189754978702,https://data.wa.gov/Transportation/Vehicle-Title-Transactions-by-Department-of-Licens/cdk6-5kdf
2019-06-01,856,25822,141,0,26819,997,0.03717513702971774,https://data.wa.gov/Transportation/Vehicle-Title-Transactions-by-Department-of-Licens/cdk6-5kdf
2019-07-01,954,22626,158,0,23738,1112,0.046844721543516724,https://data.wa.gov/Transportation/Vehicle-Title-Transactions-by-Department-of-Licens/cdk6-5kdf
2019-08-01,685,21694,147,0,22526,832,0.03693509722098908,https://data.wa.gov/Transportation/Vehicle-Title-Transactions-by-Department-of-Licens/cdk6-5kdf
2019-09-01,762,20923,156,0,21841,918,0.042031042534682476,https://data.wa.gov/Transportation/Vehicle-Title-Transactions-by-Department-of-Licens/cdk6-5kdf
2019-10-01,1457,21288,165,0,22910,1622,0.07079877782627673,https://data.wa.gov/Transportation/Vehicle-Title-Transactions-by-Department-of-Licens/cdk6-5kdf
2019-11-01,380,17650,126,0,18156,506,0.02786957479621062,https://data.wa.gov/Transportation/Vehicle-Title-Transactions-by-Department-of-Licens/cdk6-5kdf
2019-12-01,697,21189,127,0,22013,824,0.03743242629355381,https://data.wa.gov/Transportation/Vehicle-Title-Transactions-by-Department-of-Licens/cdk6-5kdf
2020-01-01,1899,24206,130,0,26235,2029,0.0773394320564132,https://data.wa.gov/Transportation/Vehicle-Title-Transactions-by-Department-of-Licens/cdk6-5kdf
2020-02-01,388,19513,110,0,20011,498,0.02488631252810954,https://data.wa.gov/Transportation/Vehicle-Title-Transactions-by-Department-of-Licens/cdk6-5kdf
2020-03-01,822,21275,137,0,22234,959,0.04313213996581812,https://data.wa.gov/Transportation/Vehicle-Title-Transactions-by-Department-of-Licens/cdk6-5kdf
2020-04-01,578,7676,59,0,8313,637,0.07662696980632744,https://data.wa.gov/Transportation/Vehicle-Title-Transactions-by-Department-of-Licens/cdk6-5kdf
2020-05-01,180,9266,57,0,9503,237,0.024939492791749975,https://data.wa.gov/Transportation/Vehicle-Title-Transactions-by-Department-of-Licens/cdk6-5kdf
2020-06-01,381,18882,121,0,19384,502,0.02589764754436649,https://data.wa.gov/Transportation/Vehicle-Title-Transactions-by-Department-of-Licens/cdk6-5kdf
2020-07-01,1399,19410,107,0,20916,1506,0.07200229489386116,https://data.wa.gov/Transportation/Vehicle-Title-Transactions-by-Department-of-Licens/cdk6-5kdf
2020-08-01,608,18210,127,0,18945,735,0.038796516231195566,https://data.wa.gov/Transportation/Vehicle-Title-Transactions-by-Department-of-Licens/cdk6-5kdf
2020-09-01,611,20677,158,0,21446,769,0.035857502564580805,https://data.wa.gov/Transportation/Vehicle-Title-Transactions-by-Department-of-Licens/cdk6-5kdf
2020-10-01,1004,20484,201,0,21689,1205,0.05555811701784315,https://data.wa.gov/Transportation/Vehicle-Title-Transactions-by-Department-of-Licens/cdk6-5kdf
2020-11-01,1352,16981,164,0,18497,1516,0.0819592366329675,https://data.wa.gov/Transportation/Vehicle-Title-Transactions-by-Department-of-Licens/cdk6-5kdf
2020-12-01,935,21347,229,0,22511,1164,0.05170805384034472,https://data.wa.gov/Transportation/Vehicle-Title-Transactions-by-Department-of-Licens/cdk6-5kdf
2021-01-01,1488,21606,256,0,23350,1744,0.07468950749464669,https://data.wa.gov/Transportation/Vehicle-Title-Transactions-by-Department-of-Licens/cdk6-5kdf
2021-02-01,832,18752,182,0,19766,1014,0.051300212486087224,https://data.wa.gov/Transportation/Vehicle-Title-Transactions-by-Department-of-Licens/cdk6-5kdf
2021-03-01,811,24363,219,0,25393,1030,0.04056235970543063,https://data.wa.gov/Transportation/Vehicle-Title-Transactions-by-Department-of-Licens/cdk6-5kdf
2021-04-01,1727,25307,289,0,27323,2016,0.0737839915089851,https://data.wa.gov/Transportation/Vehicle-Title-Transactions-by-Department-of-Licens/cdk6-5kdf
2021-05-01,1272,23422,363,0,25057,1635,0.06525122720197948,https://data.wa.gov/Transportation/Vehicle-Title-Transactions-by-Department-of-Licens/cdk6-5kdf
2021-06-01,1132,23639,479,0,25250,1611,0.0638019801980198,https://data.wa.gov/Transportation/Vehicle-Title-Transactions-by-Department-of-Licens/cdk6-5kdf
2021-07-01,2007,19338,334,1,21680,2342,0.10802583025830258,https://data.wa.gov/Transportation/Vehicle-Title-Transactions-by-Department-of-Licens/cdk6-5kdf
2021-08-01,1465,18830,309,0,20604,1774,0.08609978644923316,https://data.wa.gov/Transportation/Vehicle-Title-Transactions-by-Department-of-Licens/cdk6-5kdf
2021-09-01,1298,17658,202,1,19159,1501,0.07834438123075317,https://data.wa.gov/Transportation/Vehicle-Title-Transactions-by-Department-of-Licens/cdk6-5kdf
2021-10-01,1733,15676,360,1,17770,2094,0.11783905458638154,https://data.wa.gov/Transportation/Vehicle-Title-Transactions-by-Department-of-Licens/cdk6-5kdf
2021-11-01,1579,14036,340,0,15955,1919,0.12027577561892823,https://data.wa.gov/Transportation/Vehicle-Title-Transactions-by-Department-of-Licens/cdk6-5kdf
2021-12-01,1784,15621,267,1,17673,2052,0.11610931930062808,https://data.wa.gov/Transportation/Vehicle-Title-Transactions-by-Department-of-Licens/cdk6-5kdf
2022-01-01,1612,16868,277,1,18758,1890,0.10075701034225397,https://data.wa.gov/Transportation/Vehicle-Title-Transactions-by-Department-of-Licens/cdk6-5kdf
2022-02-01,1564,16319,272,0,18155,1836,0.10112916551914074,https://data.wa.gov/Transportation/Vehicle-Title-Transactions-by-Department-of-Licens/cdk6-5kdf
2022-03-01,1613,19130,387,0,21130,2000,0.09465215333648841,https://data.wa.gov/Transportation/Vehicle-Title-Transactions-by-Department-of-Licens/cdk6-5kdf
2022-04-01,2209,17375,281,0,19865,2490,0.12534608608104708,https://data.wa.gov/Transportation/Vehicle-Title-Transactions-by-Department-of-Licens/cdk6-5kdf
2022-05-01,1419,18248,448,0,20115,1867,0.09281630623912503,https://data.wa.gov/Transportation/Vehicle-Title-Transactions-by-Department-of-Licens/cdk6-5kdf
2022-06-01,1762,19626,434,0,21822,2196,0.10063238933186693,https://data.wa.gov/Transportation/Vehicle-Title-Transactions-by-Department-of-Licens/cdk6-5kdf
2022-07-01,2369,16346,256,0,18971,2625,0.1383690896631701,https://data.wa.gov/Transportation/Vehicle-Title-Transactions-by-Department-of-Licens/cdk6-5kdf
2022-08-01,2202,17593,334,0,20129,2536,0.1259873813900343,https://data.wa.gov/Transportation/Vehicle-Title-Transactions-by-Department-of-Licens/cdk6-5kdf
2022-09-01,1660,15840,296,0,17796,1956,0.10991233985165205,https://data.wa.gov/Transportation/Vehicle-Title-Transactions-by-Department-of-Licens/cdk6-5kdf
2022-10-01,3286,16099,347,0,19732,3633,0.1841171700790594,https://data.wa.gov/Transportation/Vehicle-Title-Transactions-by-Department-of-Licens/cdk6-5kdf
2022-11-01,3164,14887,368,0,18419,3532,0.1917585102339975,https://data.wa.gov/Transportation/Vehicle-Title-Transactions-by-Department-of-Licens/cdk6-5kdf
2022-12-01,2723,16199,404,0,19326,3127,0.16180275276829142,https://data.wa.gov/Transportation/Vehicle-Title-Transactions-by-Department-of-Licens/cdk6-5kdf
2023-01-01,3151,17002,503,0,20656,3654,0.17689775367931837,https://data.wa.gov/Transportation/Vehicle-Title-Transactions-by-Department-of-Licens/cdk6-5kdf
2023-02-01,2337,15007,519,0,17863,2856,0.15988355819291272,https://data.wa.gov/Transportation/Vehicle-Title-Transactions-by-Department-of-Licens/cdk6-5kdf
2023-03-01,2757,20095,650,0,23502,3407,0.14496638583950303,https://data.wa.gov/Transportation/Vehicle-Title-Transactions-by-Department-of-Licens/cdk6-5kdf
2023-04-01,3258,18612,914,0,22784,4172,0.18311095505617977,https://data.wa.gov/Transportation/Vehicle-Title-Transactions-by-Department-of-Licens/cdk6-5kdf
2023-05-01,3410,21862,769,0,26041,4179,0.16047770822933066,https://data.wa.gov/Transportation/Vehicle-Title-Transactions-by-Department-of-Licens/cdk6-5kdf
2023-06-01,3706,22226,783,0,26715,4489,0.16803294029571403,https://data.wa.gov/Transportation/Vehicle-Title-Transactions-by-Department-of-Licens/cdk6-5kdf
2023-07-01,3577,18347,598,0,22522,4175,0.18537430068377586,https://data.wa.gov/Transportation/Vehicle-Title-Transactions-by-Department-of-Licens/cdk6-5kdf
2023-08-01,5228,18745,819,0,24792,6047,0.24390932558889963,https://data.wa.gov/Transportation/Vehicle-Title-Transactions-by-Department-of-Licens/cdk6-5kdf
2023-09-01,3676,16019,796,0,20491,4472,0.21824215509247963,https://data.wa.gov/Transportation/Vehicle-Title-Transactions-by-Department-of-Licens/cdk6-5kdf
2023-10-01,3972,16631,790,0,21393,4762,0.2225961763193568,https://data.wa.gov/Transportation/Vehicle-Title-Transactions-by-Department-of-Licens/cdk6-5kdf
2023-11-01,3082,15824,738,0,19644,3820,0.19446141315414375,https://data.wa.gov/Transportation/Vehicle-Title-Transactions-by-Department-of-Licens/cdk6-5kdf
2023-12-01,3814,16622,669,0,21105,4483,0.21241411987680645,https://data.wa.gov/Transportation/Vehicle-Title-Transactions-by-Department-of-Licens/cdk6-5kdf
2024-01-01,4265,18848,1165,0,24278,5430,0.22365928000659033,https://data.wa.gov/Transportation/Vehicle-Title-Transactions-by-Department-of-Licens/cdk6-5kdf
2024-02-01,3482,16559,886,0,20927,4368,0.2087255698380083,https://data.wa.gov/Transportation/Vehicle-Title-Transactions-by-Department-of-Licens/cdk6-5kdf
2024-03-01,2571,18030,752,0,21353,3323,0.1556221608204936,https://data.wa.gov/Transportation/Vehicle-Title-Transactions-by-Department-of-Licens/cdk6-5kdf
2024-04-01,2692,16129,672,0,19493,3364,0.17257477043041092,https://data.wa.gov/Transportation/Vehicle-Title-Transactions-by-Department-of-Licens/cdk6-5kdf
2024-05-01,3194,24251,721,0,28166,3915,0.1389973727188809,https://data.wa.gov/Transportation/Vehicle-Title-Transactions-by-Department-of-Licens/cdk6-5kdf
2024-06-01,2874,17854,676,0,21404,3550,0.16585684918706783,https://data.wa.gov/Transportation/Vehicle-Title-Transactions-by-Department-of-Licens/cdk6-5kdf
2024-07-01,5184,20820,1092,0,27096,6276,0.2316209034543844,https://data.wa.gov/Transportation/Vehicle-Title-Transactions-by-Department-of-Licens/cdk6-5kdf
2024-08-01,4750,16872,735,0,22357,5485,0.24533703090754574,https://data.wa.gov/Transportation/Vehicle-Title-Transactions-by-Department-of-Licens/cdk6-5kdf
2024-09-01,4817,15416,659,0,20892,5476,0.2621098985257515,https://data.wa.gov/Transportation/Vehicle-Title-Transactions-by-Department-of-Licens/cdk6-5kdf
2024-10-01,4822,17363,812,0,22997,5634,0.24498847675783797,https://data.wa.gov/Transportation/Vehicle-Title-Transactions-by-Department-of-Licens/cdk6-5kdf
2024-11-01,3484,14877,639,0,19000,4123,0.217,https://data.wa.gov/Transportation/Vehicle-Title-Transactions-by-Department-of-Licens/cdk6-5kdf
2024-12-01,3997,17959,854,0,22810,4851,0.21266988163086364,https://data.wa.gov/Transportation/Vehicle-Title-Transactions-by-Department-of-Licens/cdk6-5kdf
2025-01-01,5260,20485,1042,0,26787,6302,0.23526337402471348,https://data.wa.gov/Transportation/Vehicle-Title-Transactions-by-Department-of-Licens/cdk6-5kdf
2025-02-01,3022,14725,613,0,18360,3635,0.1979847494553377,https://data.wa.gov/Transportation/Vehicle-Title-Transactions-by-Department-of-Licens/cdk6-5kdf
2025-03-01,3210,20811,905,1,24927,4116,0.16512215669755687,https://data.wa.gov/Transportation/Vehicle-Title-Transactions-by-Department-of-Licens/cdk6-5kdf
2025-04-01,3969,24069,1283,0,29321,5252,0.17912076668599297,https://data.wa.gov/Transportation/Vehicle-Title-Transactions-by-Department-of-Licens/cdk6-5kdf
2025-05-01,3032,21930,816,0,25778,3848,0.14927457521917914,https://data.wa.gov/Transportation/Vehicle-Title-Transactions-by-Department-of-Licens/cdk6-5kdf
2025-06-01,3080,19891,558,0,23529,3638,0.15461770580985168,https://data.wa.gov/Transportation/Vehicle-Title-Transactions-by-Department-of-Licens/cdk6-5kdf
2025-07-01,4221,19384,575,0,24180,4796,0.19834574028122415,https://data.wa.gov/Transportation/Vehicle-Title-Transactions-by-Department-of-Licens/cdk6-5kdf
2025-08-01,4046,15790,677,0,20513,4723,0.23024423536294059,https://data.wa.gov/Transportation/Vehicle-Title-Transactions-by-Department-of-Licens/cdk6-5kdf
2025-09-01,4110,15830,715,0,20655,4825,0.23359961268458002,https://data.wa.gov/Transportation/Vehicle-Title-Transactions-by-Department-of-Licens/cdk6-5kdf
2025-10-01,5064,15646,599,0,21309,5663,0.2657562532263363,https://data.wa.gov/Transportation/Vehicle-Title-Transactions-by-Department-of-Licens/cdk6-5kdf
2025-11-01,2377,12948,292,0,15617,2669,0.1709035025933278,https://data.wa.gov/Transportation/Vehicle-Title-Transactions-by-Department-of-Licens/cdk6-5kdf
2025-12-01,1679,17459,383,0,19521,2062,0.10562983453716511,https://data.wa.gov/Transportation/Vehicle-Title-Transactions-by-Department-of-Licens/cdk6-5kdf
2026-01-01,2885,17823,410,0,21118,3295,0.15602803295766646,https://data.wa.gov/Transportation/Vehicle-Title-Transactions-by-Department-of-Licens/cdk6-5kdf
2026-02-01,1913,14997,287,0,17197,2200,0.12792928999244055,https://data.wa.gov/Transportation/Vehicle-Title-Transactions-by-Department-of-Licens/cdk6-5kdf
2026-03-01,2358,18162,326,0,20846,2684,0.1287537177396143,https://data.wa.gov/Transportation/Vehicle-Title-Transactions-by-Department-of-Licens/cdk6-5kdf
2026-04-01,3560,21328,379,0,25267,3939,0.15589504096252027,https://data.wa.gov/Transportation/Vehicle-Title-Transactions-by-Department-of-Licens/cdk6-5kdf
2026-05-01,3021,20233,540,0,23794,3561,0.14965957804488528,https://data.wa.gov/Transportation/Vehicle-Title-Transactions-by-Department-of-Licens/cdk6-5kdf
2026-06-01,2932,21304,602,0,24838,3534,0.14228198727755859,https://data.wa.gov/Transportation/Vehicle-Title-Transactions-by-Department-of-Licens/cdk6-5kdf
