month,washington_regular_gas_price,weekly_observations,source_url
2017-01-01,2.6794,5,https://www.eia.gov/dnav/pet/hist/LeafHandler.ashx?f=W&n=PET&s=EMM_EPMR_PTE_SWA_DPG
2017-02-01,2.69775,4,https://www.eia.gov/dnav/pet/hist/LeafHandler.ashx?f=W&n=PET&s=EMM_EPMR_PTE_SWA_DPG
2017-03-01,2.7975,4,https://www.eia.gov/dnav/pet/hist/LeafHandler.ashx?f=W&n=PET&s=EMM_EPMR_PTE_SWA_DPG
2017-04-01,2.8754999999999997,4,https://www.eia.gov/dnav/pet/hist/LeafHandler.ashx?f=W&n=PET&s=EMM_EPMR_PTE_SWA_DPG
2017-05-01,2.8714,5,https://www.eia.gov/dnav/pet/hist/LeafHandler.ashx?f=W&n=PET&s=EMM_EPMR_PTE_SWA_DPG
2017-06-01,2.81575,4,https://www.eia.gov/dnav/pet/hist/LeafHandler.ashx?f=W&n=PET&s=EMM_EPMR_PTE_SWA_DPG
2017-07-01,2.7762,5,https://www.eia.gov/dnav/pet/hist/LeafHandler.ashx?f=W&n=PET&s=EMM_EPMR_PTE_SWA_DPG
2017-08-01,2.8575,4,https://www.eia.gov/dnav/pet/hist/LeafHandler.ashx?f=W&n=PET&s=EMM_EPMR_PTE_SWA_DPG
2017-09-01,3.02925,4,https://www.eia.gov/dnav/pet/hist/LeafHandler.ashx?f=W&n=PET&s=EMM_EPMR_PTE_SWA_DPG
2017-10-01,2.9156,5,https://www.eia.gov/dnav/pet/hist/LeafHandler.ashx?f=W&n=PET&s=EMM_EPMR_PTE_SWA_DPG
2017-11-01,2.9665,4,https://www.eia.gov/dnav/pet/hist/LeafHandler.ashx?f=W&n=PET&s=EMM_EPMR_PTE_SWA_DPG
2017-12-01,2.92225,4,https://www.eia.gov/dnav/pet/hist/LeafHandler.ashx?f=W&n=PET&s=EMM_EPMR_PTE_SWA_DPG
2018-01-01,2.9004,5,https://www.eia.gov/dnav/pet/hist/LeafHandler.ashx?f=W&n=PET&s=EMM_EPMR_PTE_SWA_DPG
2018-02-01,2.9635,4,https://www.eia.gov/dnav/pet/hist/LeafHandler.ashx?f=W&n=PET&s=EMM_EPMR_PTE_SWA_DPG
2018-03-01,3.0385,4,https://www.eia.gov/dnav/pet/hist/LeafHandler.ashx?f=W&n=PET&s=EMM_EPMR_PTE_SWA_DPG
2018-04-01,3.2002,5,https://www.eia.gov/dnav/pet/hist/LeafHandler.ashx?f=W&n=PET&s=EMM_EPMR_PTE_SWA_DPG
2018-05-01,3.33075,4,https://www.eia.gov/dnav/pet/hist/LeafHandler.ashx?f=W&n=PET&s=EMM_EPMR_PTE_SWA_DPG
2018-06-01,3.3615,4,https://www.eia.gov/dnav/pet/hist/LeafHandler.ashx?f=W&n=PET&s=EMM_EPMR_PTE_SWA_DPG
2018-07-01,3.3204,5,https://www.eia.gov/dnav/pet/hist/LeafHandler.ashx?f=W&n=PET&s=EMM_EPMR_PTE_SWA_DPG
2018-08-01,3.281,4,https://www.eia.gov/dnav/pet/hist/LeafHandler.ashx?f=W&n=PET&s=EMM_EPMR_PTE_SWA_DPG
2018-09-01,3.29175,4,https://www.eia.gov/dnav/pet/hist/LeafHandler.ashx?f=W&n=PET&s=EMM_EPMR_PTE_SWA_DPG
2018-10-01,3.3928000000000003,5,https://www.eia.gov/dnav/pet/hist/LeafHandler.ashx?f=W&n=PET&s=EMM_EPMR_PTE_SWA_DPG
2018-11-01,3.35575,4,https://www.eia.gov/dnav/pet/hist/LeafHandler.ashx?f=W&n=PET&s=EMM_EPMR_PTE_SWA_DPG
2018-12-01,3.0782,5,https://www.eia.gov/dnav/pet/hist/LeafHandler.ashx?f=W&n=PET&s=EMM_EPMR_PTE_SWA_DPG
2019-01-01,2.83975,4,https://www.eia.gov/dnav/pet/hist/LeafHandler.ashx?f=W&n=PET&s=EMM_EPMR_PTE_SWA_DPG
2019-02-01,2.7407500000000002,4,https://www.eia.gov/dnav/pet/hist/LeafHandler.ashx?f=W&n=PET&s=EMM_EPMR_PTE_SWA_DPG
2019-03-01,2.833,4,https://www.eia.gov/dnav/pet/hist/LeafHandler.ashx?f=W&n=PET&s=EMM_EPMR_PTE_SWA_DPG
2019-04-01,3.2478,5,https://www.eia.gov/dnav/pet/hist/LeafHandler.ashx?f=W&n=PET&s=EMM_EPMR_PTE_SWA_DPG
2019-05-01,3.44475,4,https://www.eia.gov/dnav/pet/hist/LeafHandler.ashx?f=W&n=PET&s=EMM_EPMR_PTE_SWA_DPG
2019-06-01,3.3235,4,https://www.eia.gov/dnav/pet/hist/LeafHandler.ashx?f=W&n=PET&s=EMM_EPMR_PTE_SWA_DPG
2019-07-01,3.1696,5,https://www.eia.gov/dnav/pet/hist/LeafHandler.ashx?f=W&n=PET&s=EMM_EPMR_PTE_SWA_DPG
2019-08-01,3.09225,4,https://www.eia.gov/dnav/pet/hist/LeafHandler.ashx?f=W&n=PET&s=EMM_EPMR_PTE_SWA_DPG
2019-09-01,3.0566,5,https://www.eia.gov/dnav/pet/hist/LeafHandler.ashx?f=W&n=PET&s=EMM_EPMR_PTE_SWA_DPG
2019-10-01,3.221,4,https://www.eia.gov/dnav/pet/hist/LeafHandler.ashx?f=W&n=PET&s=EMM_EPMR_PTE_SWA_DPG
2019-11-01,3.271,4,https://www.eia.gov/dnav/pet/hist/LeafHandler.ashx?f=W&n=PET&s=EMM_EPMR_PTE_SWA_DPG
2019-12-01,3.0854,5,https://www.eia.gov/dnav/pet/hist/LeafHandler.ashx?f=W&n=PET&s=EMM_EPMR_PTE_SWA_DPG
2020-01-01,2.94775,4,https://www.eia.gov/dnav/pet/hist/LeafHandler.ashx?f=W&n=PET&s=EMM_EPMR_PTE_SWA_DPG
2020-02-01,2.911,4,https://www.eia.gov/dnav/pet/hist/LeafHandler.ashx?f=W&n=PET&s=EMM_EPMR_PTE_SWA_DPG
2020-03-01,2.7928,5,https://www.eia.gov/dnav/pet/hist/LeafHandler.ashx?f=W&n=PET&s=EMM_EPMR_PTE_SWA_DPG
2020-04-01,2.3605,4,https://www.eia.gov/dnav/pet/hist/LeafHandler.ashx?f=W&n=PET&s=EMM_EPMR_PTE_SWA_DPG
2020-05-01,2.2735,4,https://www.eia.gov/dnav/pet/hist/LeafHandler.ashx?f=W&n=PET&s=EMM_EPMR_PTE_SWA_DPG
2020-06-01,2.4988,5,https://www.eia.gov/dnav/pet/hist/LeafHandler.ashx?f=W&n=PET&s=EMM_EPMR_PTE_SWA_DPG
2020-07-01,2.66775,4,https://www.eia.gov/dnav/pet/hist/LeafHandler.ashx?f=W&n=PET&s=EMM_EPMR_PTE_SWA_DPG
2020-08-01,2.719,5,https://www.eia.gov/dnav/pet/hist/LeafHandler.ashx?f=W&n=PET&s=EMM_EPMR_PTE_SWA_DPG
2020-09-01,2.73575,4,https://www.eia.gov/dnav/pet/hist/LeafHandler.ashx?f=W&n=PET&s=EMM_EPMR_PTE_SWA_DPG
2020-10-01,2.67875,4,https://www.eia.gov/dnav/pet/hist/LeafHandler.ashx?f=W&n=PET&s=EMM_EPMR_PTE_SWA_DPG
2020-11-01,2.6478,5,https://www.eia.gov/dnav/pet/hist/LeafHandler.ashx?f=W&n=PET&s=EMM_EPMR_PTE_SWA_DPG
2020-12-01,2.61675,4,https://www.eia.gov/dnav/pet/hist/LeafHandler.ashx?f=W&n=PET&s=EMM_EPMR_PTE_SWA_DPG
2021-01-01,2.62225,4,https://www.eia.gov/dnav/pet/hist/LeafHandler.ashx?f=W&n=PET&s=EMM_EPMR_PTE_SWA_DPG
2021-02-01,2.75625,4,https://www.eia.gov/dnav/pet/hist/LeafHandler.ashx?f=W&n=PET&s=EMM_EPMR_PTE_SWA_DPG
2021-03-01,3.1184,5,https://www.eia.gov/dnav/pet/hist/LeafHandler.ashx?f=W&n=PET&s=EMM_EPMR_PTE_SWA_DPG
2021-04-01,3.2437500000000004,4,https://www.eia.gov/dnav/pet/hist/LeafHandler.ashx?f=W&n=PET&s=EMM_EPMR_PTE_SWA_DPG
2021-05-01,3.4018,5,https://www.eia.gov/dnav/pet/hist/LeafHandler.ashx?f=W&n=PET&s=EMM_EPMR_PTE_SWA_DPG
2021-06-01,3.5285,4,https://www.eia.gov/dnav/pet/hist/LeafHandler.ashx?f=W&n=PET&s=EMM_EPMR_PTE_SWA_DPG
2021-07-01,3.7225,4,https://www.eia.gov/dnav/pet/hist/LeafHandler.ashx?f=W&n=PET&s=EMM_EPMR_PTE_SWA_DPG
2021-08-01,3.7886,5,https://www.eia.gov/dnav/pet/hist/LeafHandler.ashx?f=W&n=PET&s=EMM_EPMR_PTE_SWA_DPG
2021-09-01,3.783,4,https://www.eia.gov/dnav/pet/hist/LeafHandler.ashx?f=W&n=PET&s=EMM_EPMR_PTE_SWA_DPG
2021-10-01,3.77225,4,https://www.eia.gov/dnav/pet/hist/LeafHandler.ashx?f=W&n=PET&s=EMM_EPMR_PTE_SWA_DPG
2021-11-01,3.7808,5,https://www.eia.gov/dnav/pet/hist/LeafHandler.ashx?f=W&n=PET&s=EMM_EPMR_PTE_SWA_DPG
2021-12-01,3.75175,4,https://www.eia.gov/dnav/pet/hist/LeafHandler.ashx?f=W&n=PET&s=EMM_EPMR_PTE_SWA_DPG
2022-01-01,3.8314,5,https://www.eia.gov/dnav/pet/hist/LeafHandler.ashx?f=W&n=PET&s=EMM_EPMR_PTE_SWA_DPG
2022-02-01,3.8675,4,https://www.eia.gov/dnav/pet/hist/LeafHandler.ashx?f=W&n=PET&s=EMM_EPMR_PTE_SWA_DPG
2022-03-01,4.556,4,https://www.eia.gov/dnav/pet/hist/LeafHandler.ashx?f=W&n=PET&s=EMM_EPMR_PTE_SWA_DPG
2022-04-01,4.5285,4,https://www.eia.gov/dnav/pet/hist/LeafHandler.ashx?f=W&n=PET&s=EMM_EPMR_PTE_SWA_DPG
2022-05-01,4.8542,5,https://www.eia.gov/dnav/pet/hist/LeafHandler.ashx?f=W&n=PET&s=EMM_EPMR_PTE_SWA_DPG
2022-06-01,5.3572500000000005,4,https://www.eia.gov/dnav/pet/hist/LeafHandler.ashx?f=W&n=PET&s=EMM_EPMR_PTE_SWA_DPG
2022-07-01,5.1537500000000005,4,https://www.eia.gov/dnav/pet/hist/LeafHandler.ashx?f=W&n=PET&s=EMM_EPMR_PTE_SWA_DPG
2022-08-01,4.7068,5,https://www.eia.gov/dnav/pet/hist/LeafHandler.ashx?f=W&n=PET&s=EMM_EPMR_PTE_SWA_DPG
2022-09-01,4.5565,4,https://www.eia.gov/dnav/pet/hist/LeafHandler.ashx?f=W&n=PET&s=EMM_EPMR_PTE_SWA_DPG
2022-10-01,5.009,5,https://www.eia.gov/dnav/pet/hist/LeafHandler.ashx?f=W&n=PET&s=EMM_EPMR_PTE_SWA_DPG
2022-11-01,4.5695,4,https://www.eia.gov/dnav/pet/hist/LeafHandler.ashx?f=W&n=PET&s=EMM_EPMR_PTE_SWA_DPG
2022-12-01,3.90175,4,https://www.eia.gov/dnav/pet/hist/LeafHandler.ashx?f=W&n=PET&s=EMM_EPMR_PTE_SWA_DPG
2023-01-01,3.8292,5,https://www.eia.gov/dnav/pet/hist/LeafHandler.ashx?f=W&n=PET&s=EMM_EPMR_PTE_SWA_DPG
2023-02-01,4.02725,4,https://www.eia.gov/dnav/pet/hist/LeafHandler.ashx?f=W&n=PET&s=EMM_EPMR_PTE_SWA_DPG
2023-03-01,4.098,4,https://www.eia.gov/dnav/pet/hist/LeafHandler.ashx?f=W&n=PET&s=EMM_EPMR_PTE_SWA_DPG
2023-04-01,4.31125,4,https://www.eia.gov/dnav/pet/hist/LeafHandler.ashx?f=W&n=PET&s=EMM_EPMR_PTE_SWA_DPG
2023-05-01,4.5094,5,https://www.eia.gov/dnav/pet/hist/LeafHandler.ashx?f=W&n=PET&s=EMM_EPMR_PTE_SWA_DPG
2023-06-01,4.72625,4,https://www.eia.gov/dnav/pet/hist/LeafHandler.ashx?f=W&n=PET&s=EMM_EPMR_PTE_SWA_DPG
2023-07-01,4.849,5,https://www.eia.gov/dnav/pet/hist/LeafHandler.ashx?f=W&n=PET&s=EMM_EPMR_PTE_SWA_DPG
2023-08-01,4.9535,4,https://www.eia.gov/dnav/pet/hist/LeafHandler.ashx?f=W&n=PET&s=EMM_EPMR_PTE_SWA_DPG
2023-09-01,4.9605,4,https://www.eia.gov/dnav/pet/hist/LeafHandler.ashx?f=W&n=PET&s=EMM_EPMR_PTE_SWA_DPG
2023-10-01,4.7718,5,https://www.eia.gov/dnav/pet/hist/LeafHandler.ashx?f=W&n=PET&s=EMM_EPMR_PTE_SWA_DPG
2023-11-01,4.304,4,https://www.eia.gov/dnav/pet/hist/LeafHandler.ashx?f=W&n=PET&s=EMM_EPMR_PTE_SWA_DPG
2023-12-01,4.07775,4,https://www.eia.gov/dnav/pet/hist/LeafHandler.ashx?f=W&n=PET&s=EMM_EPMR_PTE_SWA_DPG
2024-01-01,3.8948,5,https://www.eia.gov/dnav/pet/hist/LeafHandler.ashx?f=W&n=PET&s=EMM_EPMR_PTE_SWA_DPG
2024-02-01,3.82625,4,https://www.eia.gov/dnav/pet/hist/LeafHandler.ashx?f=W&n=PET&s=EMM_EPMR_PTE_SWA_DPG
2024-03-01,4.137,4,https://www.eia.gov/dnav/pet/hist/LeafHandler.ashx?f=W&n=PET&s=EMM_EPMR_PTE_SWA_DPG
2024-04-01,4.5078,5,https://www.eia.gov/dnav/pet/hist/LeafHandler.ashx?f=W&n=PET&s=EMM_EPMR_PTE_SWA_DPG
2024-05-01,4.504,4,https://www.eia.gov/dnav/pet/hist/LeafHandler.ashx?f=W&n=PET&s=EMM_EPMR_PTE_SWA_DPG
2024-06-01,4.25125,4,https://www.eia.gov/dnav/pet/hist/LeafHandler.ashx?f=W&n=PET&s=EMM_EPMR_PTE_SWA_DPG
2024-07-01,4.1259999999999994,5,https://www.eia.gov/dnav/pet/hist/LeafHandler.ashx?f=W&n=PET&s=EMM_EPMR_PTE_SWA_DPG
2024-08-01,4.047000000000001,4,https://www.eia.gov/dnav/pet/hist/LeafHandler.ashx?f=W&n=PET&s=EMM_EPMR_PTE_SWA_DPG
2024-09-01,3.979,5,https://www.eia.gov/dnav/pet/hist/LeafHandler.ashx?f=W&n=PET&s=EMM_EPMR_PTE_SWA_DPG
2024-10-01,3.8994999999999997,4,https://www.eia.gov/dnav/pet/hist/LeafHandler.ashx?f=W&n=PET&s=EMM_EPMR_PTE_SWA_DPG
2024-11-01,3.8529999999999998,4,https://www.eia.gov/dnav/pet/hist/LeafHandler.ashx?f=W&n=PET&s=EMM_EPMR_PTE_SWA_DPG
2024-12-01,3.7965999999999998,5,https://www.eia.gov/dnav/pet/hist/LeafHandler.ashx?f=W&n=PET&s=EMM_EPMR_PTE_SWA_DPG
2025-01-01,3.7802499999999997,4,https://www.eia.gov/dnav/pet/hist/LeafHandler.ashx?f=W&n=PET&s=EMM_EPMR_PTE_SWA_DPG
2025-02-01,3.947,4,https://www.eia.gov/dnav/pet/hist/LeafHandler.ashx?f=W&n=PET&s=EMM_EPMR_PTE_SWA_DPG
2025-03-01,3.9666,5,https://www.eia.gov/dnav/pet/hist/LeafHandler.ashx?f=W&n=PET&s=EMM_EPMR_PTE_SWA_DPG
2025-04-01,4.16475,4,https://www.eia.gov/dnav/pet/hist/LeafHandler.ashx?f=W&n=PET&s=EMM_EPMR_PTE_SWA_DPG
2025-05-01,4.15825,4,https://www.eia.gov/dnav/pet/hist/LeafHandler.ashx?f=W&n=PET&s=EMM_EPMR_PTE_SWA_DPG
2025-06-01,4.2484,5,https://www.eia.gov/dnav/pet/hist/LeafHandler.ashx?f=W&n=PET&s=EMM_EPMR_PTE_SWA_DPG
2025-07-01,4.25975,4,https://www.eia.gov/dnav/pet/hist/LeafHandler.ashx?f=W&n=PET&s=EMM_EPMR_PTE_SWA_DPG
2025-08-01,4.29775,4,https://www.eia.gov/dnav/pet/hist/LeafHandler.ashx?f=W&n=PET&s=EMM_EPMR_PTE_SWA_DPG
2025-09-01,4.4318,5,https://www.eia.gov/dnav/pet/hist/LeafHandler.ashx?f=W&n=PET&s=EMM_EPMR_PTE_SWA_DPG
2025-10-01,4.3309999999999995,4,https://www.eia.gov/dnav/pet/hist/LeafHandler.ashx?f=W&n=PET&s=EMM_EPMR_PTE_SWA_DPG
2025-11-01,4.09525,4,https://www.eia.gov/dnav/pet/hist/LeafHandler.ashx?f=W&n=PET&s=EMM_EPMR_PTE_SWA_DPG
2025-12-01,3.8936,5,https://www.eia.gov/dnav/pet/hist/LeafHandler.ashx?f=W&n=PET&s=EMM_EPMR_PTE_SWA_DPG
2026-01-01,3.67425,4,https://www.eia.gov/dnav/pet/hist/LeafHandler.ashx?f=W&n=PET&s=EMM_EPMR_PTE_SWA_DPG
2026-02-01,3.9445,4,https://www.eia.gov/dnav/pet/hist/LeafHandler.ashx?f=W&n=PET&s=EMM_EPMR_PTE_SWA_DPG
2026-03-01,4.7732,5,https://www.eia.gov/dnav/pet/hist/LeafHandler.ashx?f=W&n=PET&s=EMM_EPMR_PTE_SWA_DPG
2026-04-01,5.2425,4,https://www.eia.gov/dnav/pet/hist/LeafHandler.ashx?f=W&n=PET&s=EMM_EPMR_PTE_SWA_DPG
2026-05-01,5.57125,4,https://www.eia.gov/dnav/pet/hist/LeafHandler.ashx?f=W&n=PET&s=EMM_EPMR_PTE_SWA_DPG
2026-06-01,5.2984,5,https://www.eia.gov/dnav/pet/hist/LeafHandler.ashx?f=W&n=PET&s=EMM_EPMR_PTE_SWA_DPG
2026-07-01,4.881333333333333,3,https://www.eia.gov/dnav/pet/hist/LeafHandler.ashx?f=W&n=PET&s=EMM_EPMR_PTE_SWA_DPG
